X,Y,Party,MSP Name
-7.71943709625,-2.83906145241,Independent,John Finnie
-7.43316346556,-4.84861354685,Independent,Jean Urquhart
-10.9567807088,-4.39845925852,Independent,John Wilson
39.6293611502,-14.650673403,Independent,Margo MacDonald
22.0917332131,-10.4809979281,Independent,Bill Walker
