X,Y,Party,MSP Name
-7.08990088221,-1.70475670219,No Party Affiliation,Tricia Marwick
5.46224846596,-1.60117926483,Independent,Jean Urquhart
4.83894137401,1.37758149721,Independent,John Wilson
-6.57701984119,-1.38538261682,Independent,Margo MacDonald
-2.25906418711,4.78919434265,Independent,Bill Walker
